chain, residue_label, residue_name, score, zscore, probability, pocket
A,   84, THR,  0.0485,  -0.3524,   0.0010, 0
A,   85, THR,  0.0455,  -0.3541,   0.0009, 0
A,   86, PHE,  0.6200,  -0.0339,   0.0547, 0
A,   87, VAL,  0.0688,  -0.3411,   0.0014, 0
A,   88, ALA,  0.0243,  -0.3659,   0.0006, 0
A,   89, LEU,  0.5424,  -0.0772,   0.0421, 4
A,   90, TYR,  0.6097,  -0.0396,   0.0529, 4
A,   91, ASP,  0.0515,  -0.3507,   0.0010, 2
A,   92, TYR,  0.7482,   0.0376,   0.0797, 2
A,   93, GLU,  0.2430,  -0.2440,   0.0096, 2
A,   94, SER,  0.0414,  -0.3564,   0.0008, 0
A,   95, ARG,  1.2890,   0.3390,   0.2217, 2
A,   96, THR,  0.5428,  -0.0769,   0.0422, 0
A,   97, GLU,  0.1917,  -0.2726,   0.0064, 0
A,   98, THR,  0.2614,  -0.2338,   0.0109, 0
A,   99, ASP,  0.1988,  -0.2686,   0.0068, 0
A,  100, LEU,  0.1339,  -0.3049,   0.0036, 0
A,  101, SER,  0.0617,  -0.3450,   0.0013, 0
A,  102, PHE,  0.0423,  -0.3559,   0.0009, 0
A,  103, LYS,  0.0246,  -0.3658,   0.0006, 0
A,  104, LYS,  0.1377,  -0.3027,   0.0038, 0
A,  105, GLY,  0.0693,  -0.3408,   0.0015, 0
A,  106, GLU,  0.0419,  -0.3561,   0.0009, 0
A,  107, ARG,  0.0504,  -0.3514,   0.0010, 0
A,  108, LEU,  0.0016,  -0.3786,   0.0003, 0
A,  109, GLN,  0.0258,  -0.3651,   0.0006, 0
A,  110, ILE,  0.2814,  -0.2226,   0.0125, 0
A,  111, VAL,  0.0583,  -0.3470,   0.0012, 0
A,  112, ASN,  0.0526,  -0.3502,   0.0011, 0
A,  113, ASN,  0.3556,  -0.1813,   0.0190, 0
A,  114, THR,  0.0393,  -0.3576,   0.0008, 0
A,  115, GLU,  0.1081,  -0.3192,   0.0026, 0
A,  116, GLY,  0.1237,  -0.3105,   0.0032, 0
A,  117, ASP,  0.4186,  -0.1462,   0.0257, 0
A,  118, TRP,  0.3475,  -0.1857,   0.0182, 0
A,  119, TRP,  0.6161,  -0.0361,   0.0540, 0
A,  120, LEU,  0.1107,  -0.3178,   0.0027, 0
A,  121, ALA,  0.0351,  -0.3599,   0.0007, 0
A,  122, HIS,  0.0545,  -0.3491,   0.0011, 0
A,  123, SER,  0.0159,  -0.3706,   0.0004, 0
A,  124, LEU,  0.0218,  -0.3673,   0.0005, 0
A,  125, SER,  0.0142,  -0.3716,   0.0004, 0
A,  126, THR,  0.0414,  -0.3564,   0.0008, 0
A,  127, GLY,  0.0050,  -0.3767,   0.0003, 0
A,  128, GLN,  0.0451,  -0.3543,   0.0009, 0
A,  129, THR,  0.0775,  -0.3362,   0.0017, 0
A,  130, GLY,  0.0799,  -0.3349,   0.0017, 0
A,  131, TYR,  0.2473,  -0.2416,   0.0099, 0
A,  132, ILE,  0.0895,  -0.3296,   0.0020, 0
A,  133, PRO,  0.0397,  -0.3573,   0.0008, 0
A,  134, SER,  0.2352,  -0.2484,   0.0091, 0
A,  135, ASN,  0.2128,  -0.2609,   0.0076, 4
A,  136, TYR,  0.5828,  -0.0546,   0.0485, 2
A,  137, VAL,  0.2509,  -0.2396,   0.0102, 0
A,  138, ALA,  0.0985,  -0.3246,   0.0023, 0
A,  139, PRO,  0.4294,  -0.1401,   0.0270, 0
A,  140, SER,  0.0612,  -0.3454,   0.0013, 0
A,  141, ASP,  0.0596,  -0.3463,   0.0012, 0
A,  142, SER,  0.0302,  -0.3626,   0.0006, 0
A,  143, ILE,  0.3092,  -0.2071,   0.0147, 0
A,  144, GLN,  0.2257,  -0.2537,   0.0084, 4
A,  145, ALA,  0.1106,  -0.3178,   0.0027, 0
A,  146, GLU,  0.3116,  -0.2058,   0.0149, 4
A,  147, GLU,  0.5532,  -0.0711,   0.0438, 4
A,  148, TRP,  0.6456,  -0.0196,   0.0592, 0
A,  149, TYR,  0.5933,  -0.0488,   0.0502, 4
A,  150, PHE,  0.9767,   0.1649,   0.1348, 4
A,  151, GLY,  0.1125,  -0.3168,   0.0028, 0
A,  152, LYS,  0.0948,  -0.3266,   0.0022, 0
A,  153, ILE,  0.8153,   0.0750,   0.0947, 0
A,  154, THR,  0.5473,  -0.0744,   0.0429, 3
A,  155, ARG,  0.2947,  -0.2152,   0.0135, 0
A,  156, ARG,  0.4938,  -0.1042,   0.0351, 3
A,  157, GLU,  1.3943,   0.3977,   0.2521, 3
A,  158, SER,  0.0590,  -0.3466,   0.0012, 0
A,  159, GLU,  0.5433,  -0.0766,   0.0423, 5
A,  160, ARG,  0.4122,  -0.1497,   0.0249, 5
A,  161, LEU,  1.2624,   0.3242,   0.2142, 0
A,  162, LEU,  0.0111,  -0.3733,   0.0004, 0
A,  163, LEU,  0.2110,  -0.2619,   0.0075, 5
A,  164, ASN,  0.0287,  -0.3635,   0.0006, 0
A,  165, ALA,  0.0207,  -0.3679,   0.0005, 0
A,  166, GLU,  0.0151,  -0.3711,   0.0004, 0
A,  167, ASN,  0.0225,  -0.3669,   0.0005, 0
A,  168, PRO,  0.0267,  -0.3646,   0.0006, 0
A,  169, ARG,  0.1105,  -0.3179,   0.0027, 0
A,  170, GLY,  0.0047,  -0.3768,   0.0003, 0
A,  171, THR,  0.0101,  -0.3739,   0.0004, 0
A,  172, PHE,  0.4844,  -0.1094,   0.0338, 0
A,  173, LEU,  0.0000,  -0.3795,   0.0002, 0
A,  174, VAL,  0.0696,  -0.3407,   0.0015, 0
A,  175, ARG,  0.0002,  -0.3793,   0.0002, 0
A,  176, GLU,  0.0799,  -0.3349,   0.0017, 0
A,  177, SER,  0.0046,  -0.3769,   0.0003, 0
A,  178, GLU,  0.1736,  -0.2827,   0.0054, 0
A,  179, THR,  0.1639,  -0.2881,   0.0050, 0
A,  180, THR,  0.1065,  -0.3201,   0.0026, 0
A,  181, LYS,  0.0217,  -0.3674,   0.0005, 0
A,  182, GLY,  0.0559,  -0.3483,   0.0011, 0
A,  183, ALA,  0.0210,  -0.3678,   0.0005, 0
A,  184, TYR,  0.4186,  -0.1461,   0.0257, 0
A,  185, CYS,  0.0696,  -0.3407,   0.0015, 0
A,  186, LEU,  0.0696,  -0.3407,   0.0015, 0
A,  187, SER,  0.0000,  -0.3795,   0.0002, 0
A,  188, VAL,  0.0000,  -0.3795,   0.0002, 0
A,  189, SER,  0.0092,  -0.3743,   0.0003, 0
A,  190, ASP,  0.3740,  -0.1710,   0.0208, 0
A,  191, PHE,  0.3012,  -0.2116,   0.0141, 0
A,  192, ASP,  0.4136,  -0.1489,   0.0251, 0
A,  193, ASN,  0.0582,  -0.3470,   0.0012, 0
A,  194, ALA,  0.0091,  -0.3744,   0.0003, 0
A,  195, LYS,  0.3873,  -0.1636,   0.0222, 0
A,  196, GLY,  0.0251,  -0.3655,   0.0006, 0
A,  197, LEU,  0.0459,  -0.3539,   0.0009, 0
A,  198, ASN,  0.4755,  -0.1144,   0.0326, 0
A,  199, VAL,  0.3561,  -0.1809,   0.0190, 5
A,  200, LYS,  0.6530,  -0.0155,   0.0606, 0
A,  201, HIS,  0.2810,  -0.2228,   0.0124, 0
A,  202, TYR,  0.1090,  -0.3187,   0.0026, 0
A,  203, LYS,  0.2720,  -0.2278,   0.0117, 0
A,  204, ILE,  0.0837,  -0.3328,   0.0018, 0
A,  205, ARG,  0.1939,  -0.2714,   0.0065, 0
A,  206, LYS,  0.1105,  -0.3179,   0.0027, 0
A,  207, LEU,  0.1774,  -0.2806,   0.0056, 0
A,  208, ASP,  0.0035,  -0.3775,   0.0003, 0
A,  209, SER,  0.2179,  -0.2580,   0.0079, 0
A,  210, GLY,  0.2408,  -0.2452,   0.0095, 0
A,  211, GLY,  0.2383,  -0.2466,   0.0093, 0
A,  212, PHE,  0.4684,  -0.1184,   0.0317, 0
A,  213, TYR,  0.0436,  -0.3552,   0.0009, 0
A,  214, ILE,  0.0348,  -0.3601,   0.0007, 0
A,  215, THR,  0.0166,  -0.3702,   0.0004, 0
A,  216, SER,  0.0323,  -0.3614,   0.0007, 0
A,  217, ARG,  0.0581,  -0.3470,   0.0012, 0
A,  218, THR,  0.1960,  -0.2702,   0.0066, 0
A,  219, GLN,  0.2780,  -0.2245,   0.0122, 0
A,  220, PHE,  0.3953,  -0.1591,   0.0230, 0
A,  221, ASN,  0.4010,  -0.1559,   0.0237, 0
A,  222, SER,  0.2511,  -0.2395,   0.0102, 0
A,  223, LEU,  0.3913,  -0.1614,   0.0226, 0
A,  224, GLN,  0.3734,  -0.1713,   0.0207, 0
A,  225, GLN,  0.0734,  -0.3385,   0.0016, 0
A,  226, LEU,  0.0777,  -0.3362,   0.0017, 0
A,  227, VAL,  0.5534,  -0.0710,   0.0438, 0
A,  228, ALA,  0.1904,  -0.2734,   0.0063, 0
A,  229, TYR,  0.3050,  -0.2094,   0.0144, 0
A,  230, TYR,  0.0000,  -0.3795,   0.0002, 0
A,  231, SER,  0.5014,  -0.1000,   0.0361, 0
A,  232, LYS,  0.1855,  -0.2760,   0.0061, 0
A,  233, HIS,  0.1969,  -0.2697,   0.0067, 0
A,  234, ALA,  0.1302,  -0.3069,   0.0035, 0
A,  235, ASP,  0.1904,  -0.2733,   0.0063, 0
A,  236, GLY,  0.1468,  -0.2977,   0.0042, 0
A,  237, LEU,  0.1659,  -0.2870,   0.0051, 0
A,  238, CYS,  0.4390,  -0.1348,   0.0281, 0
A,  239, HIS,  0.1984,  -0.2689,   0.0068, 0
A,  240, ARG,  0.1575,  -0.2917,   0.0047, 0
A,  241, LEU,  0.3208,  -0.2007,   0.0158, 0
A,  242, THR,  0.3482,  -0.1854,   0.0183, 0
A,  243, THR,  0.3045,  -0.2097,   0.0143, 0
A,  244, VAL,  0.5254,  -0.0866,   0.0396, 0
A,  245, CYS,  0.0819,  -0.3338,   0.0018, 4
A,  246, PRO,  0.0720,  -0.3393,   0.0015, 0
A,  247, THR,  1.5859,   0.5045,   0.3064, 4
A,  248, SER,  1.3047,   0.3478,   0.2263, 4
A,  249, LYS,  0.6332,  -0.0265,   0.0570, 2
A,  250, PRO,  0.9126,   0.1292,   0.1184, 2
A,  251, GLN,  1.5225,   0.4692,   0.2889, 2
A,  252, THR,  1.0034,   0.1798,   0.1418, 2
A,  253, GLN,  0.5043,  -0.0983,   0.0365, 0
A,  254, GLY,  0.4112,  -0.1503,   0.0248, 0
A,  255, LEU,  0.7799,   0.0552,   0.0867, 0
A,  256, ALA,  0.6491,  -0.0177,   0.0599, 0
A,  257, LYS,  0.4140,  -0.1487,   0.0251, 0
A,  258, ASP,  0.2291,  -0.2517,   0.0087, 0
A,  259, ALA,  0.7092,   0.0159,   0.0715, 0
A,  260, TRP,  0.4445,  -0.1317,   0.0288, 0
A,  261, GLU,  0.1059,  -0.3204,   0.0025, 0
A,  262, ILE,  0.2239,  -0.2546,   0.0083, 0
A,  263, PRO,  0.2157,  -0.2592,   0.0078, 0
A,  264, ARG,  0.1116,  -0.3172,   0.0027, 0
A,  265, GLU,  0.0079,  -0.3750,   0.0003, 0
A,  266, SER,  0.2061,  -0.2646,   0.0072, 0
A,  267, LEU,  0.0156,  -0.3708,   0.0004, 0
A,  268, ARG,  0.0270,  -0.3644,   0.0006, 0
A,  269, LEU,  0.2425,  -0.2443,   0.0096, 0
A,  270, GLU,  0.0140,  -0.3716,   0.0004, 0
A,  271, VAL,  0.0549,  -0.3489,   0.0011, 0
A,  272, LYS,  0.0464,  -0.3536,   0.0009, 0
A,  273, LEU,  2.4057,   0.9615,   0.5029, 1
A,  274, GLY,  0.3023,  -0.2110,   0.0142, 1
A,  275, GLN,  0.2455,  -0.2426,   0.0098, 1
A,  276, GLY,  0.7765,   0.0533,   0.0860, 1
A,  277, CYS,  1.6251,   0.5264,   0.3171, 1
A,  278, PHE,  3.3416,   1.4831,   0.6617, 1
A,  279, GLY,  0.7062,   0.0142,   0.0709, 1
A,  280, GLU,  0.3242,  -0.1987,   0.0161, 0
A,  281, VAL,  4.0191,   1.8608,   0.7438, 1
A,  282, TRP,  0.9332,   0.1407,   0.1236, 0
A,  283, MET,  0.0739,  -0.3383,   0.0016, 0
A,  284, GLY,  0.0018,  -0.3785,   0.0003, 0
A,  285, THR,  0.0140,  -0.3717,   0.0004, 0
A,  286, TRP,  0.4817,  -0.1110,   0.0334, 0
A,  287, ASN,  0.4209,  -0.1449,   0.0259, 0
A,  288, GLY,  0.0075,  -0.3753,   0.0003, 0
A,  289, THR,  0.1357,  -0.3038,   0.0037, 0
A,  290, THR,  1.0172,   0.1875,   0.1456, 2
A,  291, ARG,  0.7350,   0.0302,   0.0770, 2
A,  292, VAL,  0.0809,  -0.3344,   0.0018, 0
A,  293, ALA,  2.8525,   1.2105,   0.5867, 1
A,  294, ILE,  0.3171,  -0.2027,   0.0154, 0
A,  295, LYS,  4.7254,   2.2545,   0.8049, 1
A,  296, THR,  0.4190,  -0.1459,   0.0257, 0
A,  297, LEU,  1.4136,   0.4085,   0.2578, 1
A,  298, LYS,  0.1017,  -0.3228,   0.0024, 0
A,  299, PRO,  0.1000,  -0.3237,   0.0023, 0
A,  300, GLY,  0.0972,  -0.3253,   0.0022, 0
A,  301, THR,  0.7347,   0.0301,   0.0769, 0
A,  302, MET,  1.1452,   0.2589,   0.1808, 1
A,  303, SER,  0.0668,  -0.3422,   0.0014, 0
A,  304, PRO,  0.0632,  -0.3442,   0.0013, 0
A,  305, GLU,  0.0297,  -0.3629,   0.0006, 0
A,  306, ALA,  0.0091,  -0.3744,   0.0003, 0
A,  307, PHE,  0.1309,  -0.3065,   0.0035, 1
A,  308, LEU,  0.0110,  -0.3733,   0.0004, 0
A,  309, GLN,  0.0089,  -0.3745,   0.0003, 0
A,  310, GLU,  0.0859,  -0.3316,   0.0019, 0
A,  311, ALA,  0.0583,  -0.3470,   0.0012, 0
A,  312, GLN,  0.0790,  -0.3354,   0.0017, 0
A,  313, VAL,  0.1195,  -0.3128,   0.0030, 0
A,  314, MET,  0.6036,  -0.0430,   0.0519, 1
A,  315, LYS,  0.5136,  -0.0932,   0.0378, 0
A,  316, LYS,  0.1365,  -0.3034,   0.0037, 0
A,  317, LEU,  0.1142,  -0.3158,   0.0028, 0
A,  318, ARG,  0.1163,  -0.3147,   0.0029, 0
A,  319, HIS,  0.4342,  -0.1374,   0.0276, 3
A,  320, GLU,  1.7063,   0.5716,   0.3392, 3
A,  321, LYS,  0.5591,  -0.0678,   0.0447, 3
A,  322, LEU,  0.0356,  -0.3596,   0.0007, 0
A,  323, VAL,  1.5749,   0.4984,   0.3034, 1
A,  324, GLN,  0.5361,  -0.0806,   0.0412, 0
A,  325, LEU,  0.7795,   0.0551,   0.0866, 1
A,  326, TYR,  1.3128,   0.3523,   0.2287, 2
A,  327, ALA,  0.0350,  -0.3600,   0.0007, 0
A,  328, VAL,  0.0357,  -0.3595,   0.0007, 0
A,  329, VAL,  0.0096,  -0.3741,   0.0003, 0
A,  330, SER,  0.0095,  -0.3742,   0.0003, 0
A,  331, GLU,  0.0101,  -0.3738,   0.0004, 0
A,  332, GLU,  0.0696,  -0.3407,   0.0015, 0
A,  333, PRO,  0.1381,  -0.3025,   0.0038, 0
A,  334, ILE,  0.0287,  -0.3635,   0.0006, 0
A,  335, TYR,  0.2296,  -0.2515,   0.0087, 0
A,  336, ILE,  1.2465,   0.3153,   0.2095, 1
A,  337, VAL,  0.1711,  -0.2841,   0.0053, 0
A,  338, THR,  2.9034,   1.2389,   0.5952, 1
A,  339, GLU,  2.6287,   1.0858,   0.5466, 2
A,  340, TYR,  1.7110,   0.5743,   0.3405, 1
A,  341, MET,  2.9147,   1.2452,   0.5971, 1
A,  342, SER,  0.2358,  -0.2480,   0.0091, 6
A,  343, LYS,  0.1329,  -0.3054,   0.0036, 0
A,  344, GLY,  1.1475,   0.2602,   0.1814, 1
A,  345, SER,  1.2668,   0.3266,   0.2154, 1
A,  346, LEU,  0.1437,  -0.2993,   0.0041, 0
A,  347, LEU,  0.9276,   0.1376,   0.1222, 0
A,  348, ASP,  0.2225,  -0.2554,   0.0082, 1
A,  349, PHE,  0.0928,  -0.3277,   0.0021, 0
A,  350, LEU,  0.0593,  -0.3464,   0.0012, 0
A,  351, LYS,  0.0431,  -0.3555,   0.0009, 0
A,  352, GLY,  0.0104,  -0.3737,   0.0004, 0
A,  353, GLU,  0.0273,  -0.3642,   0.0006, 0
A,  354, THR,  0.0735,  -0.3385,   0.0016, 0
A,  355, GLY,  0.1254,  -0.3096,   0.0033, 0
A,  356, LYS,  0.0891,  -0.3298,   0.0020, 0
A,  357, TYR,  0.1632,  -0.2885,   0.0049, 0
A,  358, LEU,  0.3694,  -0.1736,   0.0203, 0
A,  359, ARG,  0.2747,  -0.2263,   0.0119, 0
A,  360, LEU,  0.4308,  -0.1393,   0.0271, 7
A,  361, PRO,  0.1965,  -0.2699,   0.0067, 5
A,  362, GLN,  0.1821,  -0.2780,   0.0059, 5
A,  363, LEU,  0.4781,  -0.1130,   0.0330, 7
A,  364, VAL,  0.2107,  -0.2620,   0.0075, 7
A,  365, ASP,  0.2309,  -0.2507,   0.0088, 5
A,  366, MET,  0.0171,  -0.3699,   0.0004, 0
A,  367, ALA,  0.1502,  -0.2958,   0.0043, 7
A,  368, ALA,  0.1019,  -0.3226,   0.0024, 3
A,  369, GLN,  0.0676,  -0.3418,   0.0014, 3
A,  370, ILE,  0.0099,  -0.3740,   0.0004, 0
A,  371, ALA,  0.0016,  -0.3786,   0.0003, 0
A,  372, SER,  0.4101,  -0.1508,   0.0247, 3
A,  373, GLY,  0.0000,  -0.3795,   0.0002, 0
A,  374, MET,  0.0000,  -0.3795,   0.0002, 0
A,  375, ALA,  0.0200,  -0.3683,   0.0005, 0
A,  376, TYR,  0.1369,  -0.3032,   0.0037, 0
A,  377, VAL,  0.0240,  -0.3661,   0.0005, 0
A,  378, GLU,  0.0591,  -0.3465,   0.0012, 0
A,  379, ARG,  0.3221,  -0.1999,   0.0159, 3
A,  380, MET,  0.1346,  -0.3044,   0.0036, 0
A,  381, ASN,  0.1711,  -0.2841,   0.0053, 0
A,  382, TYR,  0.1977,  -0.2693,   0.0067, 0
A,  383, VAL,  0.1347,  -0.3044,   0.0037, 0
A,  384, HIS,  0.0734,  -0.3385,   0.0016, 0
A,  385, ARG,  1.1794,   0.2779,   0.1904, 0
A,  386, ASP,  3.3800,   1.5045,   0.6668, 1
A,  387, LEU,  0.1113,  -0.3174,   0.0027, 0
A,  388, ARG,  2.9172,   1.2466,   0.5976, 1
A,  389, ALA,  0.4766,  -0.1138,   0.0328, 0
A,  390, ALA,  1.9161,   0.6886,   0.3929, 1
A,  391, ASN,  2.0220,   0.7476,   0.4186, 1
A,  392, ILE,  0.3740,  -0.1710,   0.0208, 0
A,  393, LEU,  4.1843,   1.9529,   0.7596, 1
A,  394, VAL,  0.0749,  -0.3377,   0.0016, 0
A,  395, GLY,  0.3350,  -0.1927,   0.0171, 6
A,  396, GLU,  0.3676,  -0.1746,   0.0202, 6
A,  397, ASN,  0.2283,  -0.2522,   0.0086, 0
A,  398, LEU,  0.1403,  -0.3012,   0.0039, 0
A,  399, VAL,  0.9720,   0.1623,   0.1336, 6
A,  400, CYS,  0.0000,  -0.3795,   0.0002, 0
A,  401, LYS,  0.6868,   0.0033,   0.0671, 6
A,  402, VAL,  0.0466,  -0.3535,   0.0009, 0
A,  403, ALA,  1.5728,   0.4972,   0.3028, 1
A,  404, ASP,  4.1865,   1.9541,   0.7598, 1
A,  405, PHE,  0.6896,   0.0049,   0.0676, 1
A,  406, GLY,  0.1503,  -0.2957,   0.0043, 0
A,  407, LEU,  3.0056,   1.2958,   0.6121, 1
A,  408, ALA,  2.8408,   1.2040,   0.5847, 1
A,  409, ARG,  0.6024,  -0.0437,   0.0517, 0
A,  410, LEU,  0.0251,  -0.3655,   0.0006, 0
A,  411, ILE,  2.7139,   1.1333,   0.5621, 1
A,  412, GLU,  0.0692,  -0.3409,   0.0015, 0
A,  413, ASP,  0.1420,  -0.3003,   0.0040, 0
A,  414, ASN,  0.0106,  -0.3736,   0.0004, 0
A,  415, GLU,  0.0259,  -0.3650,   0.0006, 0
A,  416, TYR,  2.7727,   1.1660,   0.5730, 1
A,  417, THR,  0.4168,  -0.1472,   0.0254, 0
A,  418, ALA,  0.3655,  -0.1757,   0.0199, 0
A,  419, ARG,  0.4754,  -0.1145,   0.0326, 0
A,  420, GLN,  0.1206,  -0.3123,   0.0031, 0
A,  421, GLY,  0.0656,  -0.3429,   0.0014, 0
A,  422, ALA,  0.1303,  -0.3068,   0.0035, 0
A,  423, LYS,  0.9796,   0.1665,   0.1356, 1
A,  424, PHE,  0.9744,   0.1636,   0.1342, 0
A,  425, PRO,  0.9679,   0.1600,   0.1325, 1
A,  426, ILE,  0.2798,  -0.2235,   0.0123, 0
A,  427, LYS,  0.2783,  -0.2243,   0.0122, 0
A,  428, TRP,  1.5324,   0.4747,   0.2917, 0
A,  429, THR,  0.5711,  -0.0611,   0.0466, 0
A,  430, ALA,  0.2732,  -0.2272,   0.0118, 0
A,  431, PRO,  0.1921,  -0.2724,   0.0064, 0
A,  432, GLU,  0.2853,  -0.2204,   0.0128, 0
A,  433, ALA,  0.3074,  -0.2081,   0.0146, 0
A,  434, ALA,  0.0866,  -0.3312,   0.0019, 0
A,  435, LEU,  0.1376,  -0.3028,   0.0038, 0
A,  436, TYR,  0.3080,  -0.2078,   0.0146, 0
A,  437, GLY,  0.0921,  -0.3281,   0.0021, 0
A,  438, ARG,  0.2526,  -0.2386,   0.0103, 0
A,  439, PHE,  0.9198,   0.1332,   0.1202, 0
A,  440, THR,  0.1264,  -0.3090,   0.0033, 0
A,  441, ILE,  0.0917,  -0.3284,   0.0021, 0
A,  442, LYS,  0.1075,  -0.3195,   0.0026, 0
A,  443, SER,  0.1792,  -0.2796,   0.0057, 0
A,  444, ASP,  0.1788,  -0.2798,   0.0057, 0
A,  445, VAL,  0.0000,  -0.3795,   0.0002, 0
A,  446, TRP,  0.1743,  -0.2823,   0.0055, 0
A,  447, SER,  0.2093,  -0.2628,   0.0074, 0
A,  448, PHE,  0.0000,  -0.3795,   0.0002, 0
A,  449, GLY,  0.0000,  -0.3795,   0.0002, 0
A,  450, ILE,  0.0465,  -0.3535,   0.0009, 0
A,  451, LEU,  0.0204,  -0.3681,   0.0005, 0
A,  452, LEU,  0.1502,  -0.2958,   0.0043, 7
A,  453, THR,  0.5679,  -0.0629,   0.0461, 0
A,  454, GLU,  0.9974,   0.1765,   0.1402, 0
A,  455, LEU,  0.4461,  -0.1308,   0.0290, 7
A,  456, THR,  0.6164,  -0.0359,   0.0541, 7
A,  457, THR,  0.9788,   0.1661,   0.1354, 0
A,  458, LYS,  0.2391,  -0.2462,   0.0093, 0
A,  459, GLY,  0.1887,  -0.2743,   0.0062, 0
A,  460, ARG,  0.4939,  -0.1042,   0.0351, 0
A,  461, VAL,  0.9661,   0.1590,   0.1321, 0
A,  462, PRO,  0.8798,   0.1109,   0.1102, 0
A,  463, TYR,  0.6838,   0.0017,   0.0665, 0
A,  464, PRO,  0.8119,   0.0731,   0.0939, 0
A,  465, GLY,  0.2124,  -0.2611,   0.0076, 0
A,  466, MET,  0.3418,  -0.1889,   0.0177, 0
A,  467, VAL,  0.0507,  -0.3512,   0.0010, 0
A,  468, ASN,  0.2895,  -0.2181,   0.0131, 0
A,  469, ARG,  0.1215,  -0.3118,   0.0031, 0
A,  470, GLU,  0.0897,  -0.3294,   0.0020, 0
A,  471, VAL,  0.1050,  -0.3209,   0.0025, 0
A,  472, LEU,  0.1713,  -0.2840,   0.0053, 0
A,  473, ASP,  0.0513,  -0.3509,   0.0010, 0
A,  474, GLN,  0.2936,  -0.2158,   0.0135, 0
A,  475, VAL,  0.1300,  -0.3070,   0.0035, 0
A,  476, GLU,  0.1341,  -0.3047,   0.0036, 0
A,  477, ARG,  0.0443,  -0.3548,   0.0009, 0
A,  478, GLY,  0.1205,  -0.3123,   0.0031, 0
A,  479, TYR,  0.4714,  -0.1167,   0.0321, 0
A,  480, ARG,  0.3871,  -0.1637,   0.0222, 0
A,  481, MET,  1.0013,   0.1786,   0.1412, 0
A,  482, PRO,  0.8134,   0.0739,   0.0943, 0
A,  483, CYS,  0.5367,  -0.0803,   0.0413, 0
A,  484, PRO,  0.6883,   0.0042,   0.0673, 0
A,  485, PRO,  0.6881,   0.0041,   0.0673, 0
A,  486, GLU,  0.1760,  -0.2814,   0.0055, 0
A,  487, CYS,  0.1912,  -0.2729,   0.0064, 0
A,  488, PRO,  0.1606,  -0.2899,   0.0048, 0
A,  489, GLU,  0.2667,  -0.2308,   0.0113, 0
A,  490, SER,  0.1952,  -0.2706,   0.0066, 0
A,  491, LEU,  0.2387,  -0.2464,   0.0093, 7
A,  492, HIS,  0.5404,  -0.0782,   0.0419, 0
A,  493, ASP,  0.2766,  -0.2253,   0.0121, 0
A,  494, LEU,  0.0872,  -0.3308,   0.0019, 0
A,  495, MET,  0.2276,  -0.2526,   0.0086, 0
A,  496, CYS,  0.5704,  -0.0615,   0.0465, 0
A,  497, GLN,  0.2356,  -0.2482,   0.0091, 0
A,  498, CYS,  0.0052,  -0.3765,   0.0003, 0
A,  499, TRP,  0.3228,  -0.1995,   0.0159, 0
A,  500, ARG,  0.1301,  -0.3070,   0.0035, 0
A,  501, LYS,  0.1526,  -0.2944,   0.0044, 0
A,  502, GLU,  0.0524,  -0.3502,   0.0011, 0
A,  503, PRO,  0.0360,  -0.3594,   0.0007, 0
A,  504, GLU,  0.1106,  -0.3178,   0.0027, 0
A,  505, GLU,  0.0318,  -0.3617,   0.0007, 0
A,  506, ARG,  0.0586,  -0.3468,   0.0012, 0
A,  507, PRO,  0.0698,  -0.3406,   0.0015, 0
A,  508, THR,  0.0802,  -0.3348,   0.0017, 0
A,  509, PHE,  0.0153,  -0.3710,   0.0004, 0
A,  510, GLU,  0.0874,  -0.3307,   0.0019, 0
A,  511, TYR,  0.2795,  -0.2236,   0.0123, 0
A,  512, LEU,  0.0013,  -0.3787,   0.0002, 0
A,  513, GLN,  0.6050,  -0.0422,   0.0521, 3
A,  514, ALA,  0.1785,  -0.2800,   0.0057, 0
A,  515, PHE,  0.3519,  -0.1833,   0.0187, 0
A,  516, LEU,  0.2285,  -0.2521,   0.0086, 0
A,  517, GLU,  0.7001,   0.0108,   0.0697, 3
A,  518, ASP,  0.1852,  -0.2762,   0.0060, 0
A,  519, TYR,  0.2691,  -0.2295,   0.0115, 0
A,  520, PHE,  0.2879,  -0.2190,   0.0130, 0
A,  521, THR,  0.1001,  -0.3237,   0.0023, 0
A,  522, SER,  0.3806,  -0.1673,   0.0215, 5
A,  523, THR,  0.1594,  -0.2906,   0.0047, 0
A,  524, GLU,  0.4917,  -0.1054,   0.0348, 5
A,  525, PRO,  0.3222,  -0.1998,   0.0159, 0
A,  526, GLN,  0.4472,  -0.1302,   0.0291, 0
A,  527, PTR,  0.3866,  -0.1640,   0.0221, 0
A,  528, GLN,  0.4998,  -0.1009,   0.0359, 0
A,  529, PRO,  0.1215,  -0.3117,   0.0031, 0
A,  530, GLY,  0.0764,  -0.3369,   0.0016, 0
A,  531, GLU,  0.0235,  -0.3664,   0.0005, 0
A,  532, ASN,  0.2363,  -0.2477,   0.0092, 0
A,  533, LEU,  0.0694,  -0.3408,   0.0015, 0
