structure,pocket,query_POI,POI_type,role,apoholo_assignment,#resis1,#resis2,#resis5,#resis3,unobserved_rsd,%mapped_rsd,%unobserved_rsd,chains2,chains3,chains4,UNPs,RoG,bfac_t,bfac_avg,sasa,sasa_avg,asa,asa_avg,volume,query_ligs,nonquery_ligs,pocket_ptm,pocket_nuc,#solvent,solvent,allostery_lig,allostery_ptm,allostery_nuc,unpseq_overlap,resolution,exp_method,aln_q_chains,tm_score,tm_score_i,rmsd,aln_len,pocket_rms,pocket_len,pocket_dist
6grr,p1,A_CA_802,lig,C,H,,,6,6,0,100.0,0.0,,A,,P46883,5.29,1107.38,24.07,36.12,6.02,585.53,97.59,0,CA,,,,14,HOH,CU*1-GOL*9,,,NaN,1.7,X-RAY_DIFFRACTION,A,1.0,1.0,0.24,717,0.15,6,0.1
6grr,p2,A_CA_802,lig,C,H,,,6,6,0,100.0,0.0,,B,,P46883,5.31,1349.8,29.34,37.36,6.23,583.64,97.27,0,CA,,,,12,HOH,GOL*9-CU*1,,,NaN,1.7,X-RAY_DIFFRACTION,A,1.0,0.99,0.63,717,0.17,6,0.2
6ezz,p1,A_CA_802,lig,C,H,,,6,6,0,100.0,0.0,,A,,P46883,5.3,1146.82,24.93,32.29,5.38,586.38,97.73,0,CA,,,,13,HOH,CU*1-GOL*8,,,NaN,1.8,X-RAY_DIFFRACTION,A,1.0,1.0,0.24,717,0.16,6,0.1
6ezz,p2,A_CA_802,lig,C,H,,,6,6,0,100.0,0.0,,B,,P46883,5.31,1400.56,30.45,31.36,5.23,585.73,97.62,0,CA,,,,10,HOH,GOL*7-CU*1,,,NaN,1.8,X-RAY_DIFFRACTION,A,1.0,0.99,0.61,717,0.16,6,0.2
1oac,p1,A_CA_802,lig,C,H,,,6,6,0,100.0,0.0,,A,,P46883,5.28,785.98,17.09,37.81,6.3,588.9,98.15,0,CA,,,,8,HOH,CU*1-CA*1,TPQ*1,,NaN,2.0,X-RAY_DIFFRACTION,A,1.0,1.0,0.33,717,0.18,6,0.2
1oac,p2,A_CA_802,lig,C,H,,,6,6,0,100.0,0.0,,B,,P46883,5.28,862.67,18.75,41.84,6.97,582.57,97.09,0,CA,,,,9,HOH,CU*1-CA*1,TPQ*1,,NaN,2.0,X-RAY_DIFFRACTION,A,1.0,0.99,0.5,717,0.17,6,0.3
1qak,p1,A_CA_802,lig,C,H,,,6,6,0,100.0,0.0,,A,,P46883,5.28,850.44,18.49,35.97,6.0,578.62,96.44,0,CA,,,,11,HOH,CU*1-CA*1,TPQ*1,,NaN,2.0,X-RAY_DIFFRACTION,A,1.0,1.0,0.23,717,0.16,6,0.1
1qak,p2,A_CA_802,lig,C,H,,,6,6,0,100.0,0.0,,B,,P46883,5.29,1057.92,23.0,37.15,6.19,578.19,96.36,0,CA,,,,10,HOH,CU*1-CA*1,TPQ*1,,NaN,2.0,X-RAY_DIFFRACTION,A,1.0,0.99,0.65,717,0.18,6,0.1
1spu,p1,A_CA_802,lig,C,H,,,6,6,0,100.0,0.0,,A,,P46883,5.3,769.86,16.74,36.71,6.12,582.94,97.16,0,CA,,,,11,HOH,CU*1-CA*1,PAQ*1,,NaN,2.0,X-RAY_DIFFRACTION,A,1.0,1.0,0.3,717,0.21,6,0.1
1spu,p2,A_CA_802,lig,C,H,,,6,6,0,100.0,0.0,,B,,P46883,5.27,1033.29,22.46,40.18,6.7,588.12,98.02,0,CA,,,,11,HOH,CU*1-CA*1,PAQ*1,,NaN,2.0,X-RAY_DIFFRACTION,A,1.0,0.99,0.6,717,0.22,6,0.1
1dyu,p1,A_CA_802,lig,C,H,,,6,6,0,100.0,0.0,,A,,P46883,5.26,1064.59,23.14,30.4,5.07,580.74,96.79,0,CA,,,,13,HOH,CU*1-CA*1,TPQ*1,,NaN,2.04,X-RAY_DIFFRACTION,A,1.0,1.0,0.21,717,0.16,6,0.1
1dyu,p2,A_CA_802,lig,C,H,,,6,6,0,100.0,0.0,,B,,P46883,5.28,1249.04,27.15,35.29,5.88,581.85,96.98,0,CA,,,,11,HOH,CU*1-CA*1,TPQ*1,,NaN,2.04,X-RAY_DIFFRACTION,A,1.0,0.99,0.56,717,0.17,6,0.2
1jrq,p1,A_CA_802,lig,C,H,,,6,6,0,100.0,0.0,,A,,P46883,5.27,1104.74,24.02,35.15,5.86,580.57,96.76,0,CA,,,,10,HOH,CU*1-CA*1,TPQ*1,,NaN,2.15,X-RAY_DIFFRACTION,A,1.0,1.0,0.22,717,0.11,6,0.1
1jrq,p2,A_CA_802,lig,C,H,,,6,6,0,100.0,0.0,,B,,P46883,5.28,1279.41,27.81,37.6,6.27,579.78,96.63,0,CA,,,,12,HOH,CU*1-CA*1,TPQ*1,,NaN,2.15,X-RAY_DIFFRACTION,A,1.0,0.99,0.61,717,0.15,6,0.1
1qaf,p1,A_CA_802,lig,C,H,,,6,6,0,100.0,0.0,,A,,P46883,5.29,1112.06,24.18,36.11,6.02,580.47,96.74,0,CA,,,,9,HOH,CU*1-CA*1,TPQ*1,,NaN,2.2,X-RAY_DIFFRACTION,A,1.0,1.0,0.22,717,0.15,6,0.1
1qaf,p2,A_CA_802,lig,C,H,,,6,6,0,100.0,0.0,,B,,P46883,5.29,1243.89,27.04,34.56,5.76,574.72,95.79,0,CA,,,,12,HOH,CU*1-CA*1-GOL*1,TPQ*1,,NaN,2.2,X-RAY_DIFFRACTION,A,1.0,0.99,0.6,717,0.14,6,0.1
1qal,p1,A_CA_802,lig,C,H,,,6,6,0,100.0,0.0,,A,,P46883,5.25,964.14,20.96,34.6,5.77,579.22,96.54,0,CA,,,,12,HOH,CU*1-CA*1,TPQ*1,,NaN,2.2,X-RAY_DIFFRACTION,A,1.0,1.0,0.19,717,0.13,6,0.1
1qal,p2,A_CA_802,lig,C,H,,,6,6,0,100.0,0.0,,B,,P46883,5.28,1163.74,25.3,37.53,6.26,577.62,96.27,0,CA,,,,10,HOH,CU*1-CA*1,TPQ*1,,NaN,2.2,X-RAY_DIFFRACTION,A,1.0,0.99,0.65,717,0.14,6,0.2
2wof,p1,A_CA_802,lig,C,H*,,,6,6,0,100.0,0.0,,A,,P46883,5.23,1324.45,28.79,50.29,8.38,580.96,96.83,0,,NA,,,12,HOH,CU*1-NA*1,TPQ*1,,NaN,2.25,X-RAY_DIFFRACTION,A,1.0,1.0,0.2,717,0.19,6,0.1
2wof,p2,A_CA_802,lig,C,H*,,,6,6,0,100.0,0.0,,B,,P46883,5.25,1431.76,31.13,48.82,8.14,580.39,96.73,0,,NA,,,10,HOH,CU*1-NA*1,TPQ*1,,NaN,2.25,X-RAY_DIFFRACTION,A,1.0,0.99,0.6,717,0.22,6,0.2
1d6y,p1,A_CA_802,lig,C,H,,,6,6,0,100.0,0.0,,A,,P46883,5.27,1452.7,31.58,30.32,5.05,580.14,96.69,0,CA,,,,12,HOH,CU*1-CA*1-HY1*1-NO*1-PEA*1-GOL*1,TYQ*1,,NaN,2.4,X-RAY_DIFFRACTION,A,1.0,1.0,0.1,717,0.08,6,0.0
1d6y,p2,A_CA_802,lig,C,H,,,6,6,0,100.0,0.0,,B,,P46883,5.27,1725.4,37.51,31.98,5.33,581.63,96.94,0,CA,,,,10,HOH,CU*1-CA*1-HY1*1-NO*1-GOL*2,TYQ*1,,NaN,2.4,X-RAY_DIFFRACTION,A,1.0,0.99,0.63,717,0.11,6,0.2
1d6u,p1,A_CA_802,lig,C,H,,,6,6,0,100.0,0.0,,A,,P46883,5.27,1041.85,22.65,31.15,5.19,585.4,97.57,0,CA,,,,14,HOH,CU*1-CA*1-HY1*1-PEA*1-GOL*1,TYQ*1,,NaN,2.4,X-RAY_DIFFRACTION,A,1.0,1.0,0.12,717,0.1,6,0.1
1d6u,p2,A_CA_802,lig,C,H,,,6,6,0,100.0,0.0,,B,,P46883,5.27,1396.62,30.36,36.63,6.1,579.99,96.66,0,CA,,,,11,HOH,GOL*2-CU*1-CA*1-HY1*1,TYQ*1,,NaN,2.4,X-RAY_DIFFRACTION,A,1.0,0.99,0.61,717,0.13,6,0.2
1lvn,p1,A_CA_802,lig,C,H,,,6,6,0,100.0,0.0,,A,,P46883,5.3,973.86,21.17,36.27,6.04,586.11,97.69,0,CA,,,,14,HOH,CU*1-CA*1,TYT*1,,NaN,2.4,X-RAY_DIFFRACTION,A,1.0,1.0,0.22,717,0.79,6,0.1
1lvn,p2,A_CA_802,lig,C,H,,,6,6,0,100.0,0.0,,B,,P46883,5.31,1206.52,26.23,33.8,5.63,582.53,97.09,0,CA,,,,11,HOH,CU*1-CA*1,TYT*1,,NaN,2.4,X-RAY_DIFFRACTION,A,1.0,0.99,0.59,717,0.8,6,0.1
2w0q,p1,A_CA_802,lig,C,H,,,6,6,0,100.0,0.0,,A,,P46883,5.29,1414.26,30.74,45.55,7.59,583.01,97.17,0,CA,,,,7,HOH,CU*1-CA*1-XE*7,TPQ*1,,NaN,2.48,X-RAY_DIFFRACTION,A,1.0,1.0,0.23,717,0.16,6,0.1
2w0q,p2,A_CA_802,lig,C,H,,,6,6,0,100.0,0.0,,B,,P46883,5.28,1518.56,33.01,40.89,6.82,580.82,96.8,0,CA,,,,5,HOH,CU*1-CA*1-XE*5,TPQ*1,,NaN,2.48,X-RAY_DIFFRACTION,A,1.0,0.99,0.56,717,0.17,6,0.2
2wgq,p1,A_CA_802,lig,C,H,,,6,6,0,100.0,0.0,,A,,P46883,5.25,1069.23,23.24,48.72,8.12,586.13,97.69,0,CA,,,,4,HOH,ZN*1-CA*1,,,NaN,2.5,X-RAY_DIFFRACTION,A,1.0,0.99,0.27,717,0.27,6,0.2
2wgq,p2,A_CA_802,lig,C,H,,,6,6,0,100.0,0.0,,B,,P46883,5.27,1105.46,24.03,37.41,6.24,583.23,97.21,0,CA,,,,4,HOH,ZN*1-CA*1,,,NaN,2.5,X-RAY_DIFFRACTION,A,1.0,0.99,0.59,717,0.31,6,0.1
2wo0,p1,A_CA_802,lig,C,H*,,,6,6,0,100.0,0.0,,A,,P46883,5.2,1119.03,24.33,52.0,8.67,574.15,95.69,0,,NA,,,4,HOH,CU*1-NA*1,TPQ*1,,NaN,2.6,X-RAY_DIFFRACTION,A,1.0,1.0,0.23,717,0.24,6,0.1
2wo0,p2,A_CA_802,lig,C,H*,,,6,6,0,100.0,0.0,,B,,P46883,5.19,1144.8,24.89,49.6,8.27,575.75,95.96,0,,NA,,,3,HOH,CU*1-NA*1,TPQ*1,,NaN,2.6,X-RAY_DIFFRACTION,A,1.0,0.99,0.6,717,0.24,6,0.2
2woh,p1,A_CA_802,lig,C,H,,,6,6,0,100.0,0.0,,A,,P46883,5.26,1658.24,36.05,33.43,5.57,576.06,96.01,0,CA,,,,8,HOH,CU*1-SR*1,TPQ*1,,NaN,2.7,X-RAY_DIFFRACTION,A,1.0,1.0,0.2,717,0.16,6,0.1
2woh,p2,A_CA_802,lig,C,H,,,6,6,0,100.0,0.0,,B,,P46883,5.18,1747.65,37.99,30.65,5.11,576.51,96.09,0,CA,,,,4,HOH,CU*1-SR*1,TPQ*1,,NaN,2.7,X-RAY_DIFFRACTION,A,1.0,0.99,0.61,717,0.21,6,0.2
