chain,query_ligand,mapped_binding_residues
1d6z,A_CA_802,A_133 A_533 A_534 A_535 A_678 A_679
AF_P46883_as_1d6zA,A_CA_802,163 563 564 565 708 709
1d6y,pocket_1,A_133 A_533 A_534 A_535 A_678 A_679
1d6y,pocket_2,B_133 B_533 B_534 B_535 B_678 B_679
1d6u,pocket_1,A_133 A_533 A_534 A_535 A_678 A_679
1d6u,pocket_2,B_133 B_533 B_534 B_535 B_678 B_679
1dyu,pocket_1,A_133 A_533 A_534 A_535 A_678 A_679
1dyu,pocket_2,B_133 B_533 B_534 B_535 B_678 B_679
1jrq,pocket_1,A_133 A_533 A_534 A_535 A_678 A_679
1jrq,pocket_2,B_133 B_533 B_534 B_535 B_678 B_679
1lvn,pocket_1,A_133 A_533 A_534 A_535 A_678 A_679
1lvn,pocket_2,B_133 B_533 B_534 B_535 B_678 B_679
1oac,pocket_1,A_133 A_533 A_534 A_535 A_678 A_679
1oac,pocket_2,B_133 B_533 B_534 B_535 B_678 B_679
1qaf,pocket_1,A_133 A_533 A_534 A_535 A_678 A_679
1qaf,pocket_2,B_133 B_533 B_534 B_535 B_678 B_679
1qak,pocket_1,A_133 A_533 A_534 A_535 A_678 A_679
1qak,pocket_2,B_133 B_533 B_534 B_535 B_678 B_679
1qal,pocket_1,A_133 A_533 A_534 A_535 A_678 A_679
1qal,pocket_2,B_133 B_533 B_534 B_535 B_678 B_679
1spu,pocket_1,A_133 A_533 A_534 A_535 A_678 A_679
1spu,pocket_2,B_133 B_533 B_534 B_535 B_678 B_679
2w0q,pocket_1,A_133 A_533 A_534 A_535 A_678 A_679
2w0q,pocket_2,B_133 B_533 B_534 B_535 B_678 B_679
2wgq,pocket_1,A_133 A_533 A_534 A_535 A_678 A_679
2wgq,pocket_2,B_133 B_533 B_534 B_535 B_678 B_679
2wo0,pocket_1,A_133 A_533 A_534 A_535 A_678 A_679
2wo0,pocket_2,B_133 B_533 B_534 B_535 B_678 B_679
2wof,pocket_1,A_133 A_533 A_534 A_535 A_678 A_679
2wof,pocket_2,B_133 B_533 B_534 B_535 B_678 B_679
2woh,pocket_1,A_133 A_533 A_534 A_535 A_678 A_679
2woh,pocket_2,B_133 B_533 B_534 B_535 B_678 B_679
6ezz,pocket_1,A_133 A_533 A_534 A_535 A_678 A_679
6ezz,pocket_2,B_133 B_533 B_534 B_535 B_678 B_679
6grr,pocket_1,A_133 A_533 A_534 A_535 A_678 A_679
6grr,pocket_2,B_133 B_533 B_534 B_535 B_678 B_679
